{"last_duration": 11.660511016845703, "last_finish": 1426515191.510734, "last_start": 1426515179.850223}